station,city
619710,Алдабра
619810,ЛеПор
619800,Сен-Дени
619840,Сен-Пьер
287854,Абакан
298620,Абакан (Хакасская)
294850,Абан
288150,Абдулино
223650,Абрамовский маяк
289080,Авангард
233830,Агата
246840,Агаякан
318250,Агзу
308590,Агинское (Забайкальский край)
296760,Агинское (Красноярский край)
351330,Адамовка
244210,Аджхал
233160,Адзва-вом
320570,Адо-Тымово
348770,Адык
347230,Азов
339610,Азовское
321530,Аиро-мисаки сакхалин
339980,Ай-Петри
339990,Ай-петри мтн
351270,Акбулак
364430,Аккем
287190,Аксаково
309570,Акша
350370,Акъяр
223010,Алакуртти
282480,Алапаевск
276790,Алатырь
310040,Алдан
299370,Алейская
274280,Александров
343910,Александров Гай
320610,Александровск-Сахалинский
290590,Александровскидж шлй
309710,Александровский Завод
239550,Александровское
295980,Алзамай
248780,Аллах-Юнь
239390,Алтай
339590,Алушта
298940,Алыгджер
306820,Амазар
250340,Амбарчик
249620,Амга
253720,Амгуэма
230220,Амдерма
309530,Амитхаша
315500,Амурск
216080,Анабар
255630,Анадырь
370010,Анапа
296740,Анастасино
307150,Ангарск
250170,Андрюшкино
295400,Анжеро-Судженск
342380,Анна
277870,Анненково
230580,Антипаюта
216270,Антипинский
319810,Анучино
250520,Апапелкхино
222130,Апатиты
222160,Апатиты (старая)
325710,Апача-ин-камчат
259560,Апука
243960,Арга
285480,Аргаджас
364570,Аргамджи
276530,Арзамас
349640,Арзгир
249880,Арка
246980,Аркагала
370310,Армавир
259110,Арман
275930,Арск
319740,Артем
297720,Артёмовск
283460,Артемовский
284380,Арти
304060,Артюмедж
317230,Архангеловка
287260,Архангелскодже
225500,Архангельск
315940,Архара
285220,Аскино
315880,Асташикна
319210,Астраханка
348800,Астрахань
353942,Астрахань
259020,Атка
340690,Аткарск
281140,Афанасйево
376630,Ахты
370660,Ачикулак
294670,Ачинск
272255,Аэропорт Туношна
313720,Аяк
311680,Аян
270080,Бабаево
371690,Бабаюрт
308220,Бабушкин
305540,Багдарин
308030,Баго-горхон
267050,Багратионовск
298270,Баево
253350,Баимка
238910,Байкит
286150,Бакалы
314970,Бактор
293280,Бакчар
306120,Балаганск
340850,Балаково
296620,Балахта
341520,Балашов
308660,Балей
266810,Балшойе береснево
256110,Балыгычан
296120,Барабинск
306360,Баргузин
305360,Баргузинский заповедник
284210,БАРДА
201070,Баренцбург
295480,Барзас
297490,Барзас (Новокузнецкий р-н)
298380,Барнаул
242630,Батагадж
242610,Батагадж-алйта
246560,Батамай
311580,Батомга
292470,Батурино
304570,Баунт
339920,Бахсисарадж
237760,Бахта
306270,Баяндай
260640,Бегуницы
272170,Бежецк
278880,Безводовка
279950,Безенчук
307570,Беклемисево
345390,Беладжа калитва
241940,Белая Гора
342140,Белгород
319060,Беленде
364530,Белеси
279550,Белинскидж
319020,Белкин
360460,Бело-кюрикха
297450,Белово
260690,Белогорка
315130,Белогорск
229390,Белозерск
288310,Белорецк
370130,Белореченск
236320,Белоярский
265850,Белый
351250,Беляевка
247580,Бердигестях
285740,Бердйюжйе
286360,Бердяуш
227620,Березник
280280,Березники
319940,Березняки
290370,Берёзовка
236310,Берёзово (Ханты-Мансийский АО)
256560,Берёзово (Чукотский АО)
298710,Березовское
256770,Беринговская
228260,Бесов нос (мыс)
244490,Бестяхская звероферма
299620,Бея
299390,Бийск (Зональная)
318320,Бикин
251470,Билибино
316180,Бира
317030,Биракан
309760,Бирка-ин-чита
317130,Биробиджан
286210,Бирск
281380,Бисер
284320,Бисерт
317920,Бичевая
314920,Бичи-ин-кхабаров
309340,Бичура
217280,Бйковски
315100,Благовещенск
315120,Благовещенск (новая)
349580,Благодарный
284430,Богданович
319580,Богополь
341100,Богородицкое-Фенино
314390,Богородское
295530,Боготол
292820,Богучаны
343360,Богучар
302530,Бодайбо
344450,Боковская
307000,Боксон
262980,Бологое
313310,Болодёк
316510,Болон
295390,Болотное
285450,Болшай кюяш
276830,Болшийе кайбитсй
350010,Большая Глушица
294710,Большая Мурта
325620,Большерецк
285930,Большеречье
284910,Большие Уки
307270,Большое Голоустное
234840,Большой Порог
311740,Большой Сантар
294640,Большой Улуй
312530,Бомнак
238840,Бор
309650,Борзя
270030,БорисовоСудское
341460,Борисоглебск
224990,Борковская
262910,Боровичи
247610,Борогонцы
288440,Бородиновка
373670,Ботлих
306180,Бохан
257070,Бохапча
315210,Братолюбовка
303090,Братск
303070,Братск (аэропорт)
350410,Бреды
285490,Бродокалмак
248590,Брологякхатат
259270,Брохово
268980,Брянск
221930,Бугрино
287110,Бугульма
288060,Бугуруслан
370610,Будённовск
287130,Буздяк
289090,Бузулук
272420,Буй
374710,Буйнакск
352130,Буранное
238270,Бурмантово
313480,Бурукан
319970,Бухта Валентина
214050,Бухта Марии Прончищевой
255940,Бухта Провидения
202910,Бухта Солнечная
200470,Бухта Тихая
200490,Бухта Тихая
310110,Буяга
218210,Быковский
260870,Бюдогосс
219800,Бюкхта сомнителная
342330,Бютюрл иновка
284690,Вагадж
282780,Вагай
220030,Вайдагуба
228050,Валаам
262890,Валдай
219780,Валкаркай
343210,Валуйки
249080,Ванавара
239660,Ванжиль-Кынак
238520,Вар-йеган
231120,Варандей
283960,Васисс-ин-ом
225550,Васьково
258580,Ватйна
239530,Ваховск
265780,Велиж
264770,Великие Луки
261790,Великий Новгород
229810,Великий Устюг
265750,Велкж
239820,Вельмо
228670,Вельск
226860,Вендинга
261880,Веребье
235780,Верещагино (Красноярский край)
282160,Верещагино (Пермский край)
317900,Верино
307380,Веркхне-талтсй
315520,Веркховйе горина
299730,Верх-Амыл
282440,Верхнджаджа салда
255380,Верхне-Пенжино
246440,Верхневилйюджск
284450,Верхнее Дуброво
302290,Верхнее-Марково
236780,Верхнеимбатск
288330,Верхнеуральск
316610,Верхни нерген
288290,Верхний Авзян
345790,Верхний Баскунчак
285410,Верхний Уфалей
297890,Верхняя Гутара
227780,Верхняя Тойма
314590,Верхняя Томь
315480,Верховдже юрми
281440,Верхотурье
242660,Верхоянск
246680,Верхоянский Перевоз
314180,Весёлая Горка
347330,Веселий-ин-ростов
305980,Веселй
237010,Весляна
272770,Ветлуга
321310,Взморье
320450,Виакхтю-он-сакхалин
228170,Видица
223760,Вижас
238070,Визинга
301420,Визирный
284810,Викулово
246410,Вилюйск
229250,Винницы
283330,Висим
300540,Витим
320960,Влади-мирово
319600,Владивосток
319770,Владивосток /сад го
372280,Владикавказ
275320,Владимир
339730,Владиславовка
229540,Вожега
228290,Вознесенье
345600,Волгоград
270370,Вологда
275020,Волоколамск
260670,Волосово
209820,Волочанка
260810,Волхов
360220,Волчиха
340840,Вольск
238230,Вонеган
226220,Воренза
232260,Воркута
239730,Ворогово
341230,Воронеж
341220,Воронеж (Придача)
339350,Воронки
301510,Воронцовка
240950,Воронцово
319630,Ворошилов
314320,Воскресенскодже
349820,Воскресенское
246790,Восточная
321180,Восточнй сакх /мото домари
318830,Востретсово/картон
236120,Вуктыл
228920,Выборг
276430,Выкса
228370,Вытегра
271760,ВЫХМА
263930,Вышний Волочек
317860,Вяземская
266950,Вязьма
227070,ВЯРТСИЛЯ
285020,Вятские Поляны
257770,Гавриила бухта
275070,Гагарин
239090,Гайны
318510,Гамсанза
325320,Ганали-ин-камчат
313840,Гар
280490,Гари
318010,Гвасюги
295580,Ггп катек
261570,Гдов
370040,Геленджик
370580,Георгиевск
347400,Гигант
258220,Гизига
282140,Глазов
319710,Глуховка
345590,Гнилоаксайская
229070,Гогланд
221230,Голицино
284780,Голйсманово
304240,Головское
200870,Голомянный
292890,Гонда
241520,Гора кхавтанджа
247840,Гора сюантар-кхаята
260600,Горад ЛаманосаЛомоносов
306790,Горбица
314890,Горин
343680,Горний баликлей
302460,Горно-Чуйский
370170,Горный
274530,Городец(Волжская)
348450,Городовиковск
238410,Горскова
370140,Горячий Ключ
307310,Горячинск
342020,Готня
304320,Гоуджекит
292020,Грабтсовй /ягил-яг
224220,Гридино
372350,Грозный
318230,Гроссевичи
309480,Грязи
220140,Губа Западная Лица
281340,Губаха
314210,Гуга
372440,Гудермес
374630,Гуниб
339960,Гурзуф
275390,Гусь-Хрустальный
209630,Гыда
307140,Дабады
318730,Дальнереченск
220370,Дальние Зеленцы
312570,Дамбуки
342670,Даниловка
227230,Данилово
271850,Даровскодж
245980,Дарпир
315090,Де-Кастри
283120,Дебессы
246910,Делянкир
266730,Демидов
280760,Демьянское
263810,Демянск
313060,Деп-долбир
240760,Депутатский
374700,Дербент
296630,Дёрбино
306950,Джалинда
339340,Джанкой
314360,Джаоре
241430,Джарджан
273310,Джарославл 
247990,Джек-лондон лаке
289270,Джермоладжево
300890,Джикимда
370090,Джубга
230200,Джюгорски страит
287450,Джюзно-юралск
200850,Дзержинског
294810,Дзержинское
348580,Дивное
277990,Димитровград
317050,Дичун
262680,Дно
249550,Добролет
294830,Долгий Мост
347190,Должанка
324470,Долиновка
321330,Долинск
352330,Домбаровский
309720,Доно
248260,Дорожный
347850,Досанг
241970,Дружина
284330,Дружинино
284130,Дуброва
285370,Дуван
313180,Дугда
230740,Дудинка
314820,Дуки
236110,Дутово
216130,Дюнуэай айленд
286130,Дюртюли
339290,Евпатория
276230,Егорьевск
243380,Еджк
347270,Ейск
284400,Екатеринбург
317070,Екатерино-Никольское
243610,Екйюччйю
257000,Ел ген (совхоз)
285060,Елабуга (Татарстан)
317330,Елабуга (Хабаровский край)
342530,Елань
276480,Елатьма
279280,Елец
232200,Елецкая
237040,Емва
226560,Емецк
292630,Енисейск
311630,Енкан
248170,Ербогачен
254480,Ерепол
254490,Ерепол
238430,Ермаково
298690,Ермаковское
306830,Ерофей Павлович
341860,Ершов
241050,Ессей
260990,Ефимовская
279210,Ефремов
305130,Жаменка
319160,Жариково
340470,Жердевка
305210,Жигалово
243430,Жиганск
219080,Жилинда
293350,Жукова
268940,Жуковка
319420,Журавлёвка
319430,Заветное (Приморский край)
347530,Заветное (Ростовская область)
315270,Завитая
259170,Завялова айленд
299250,Завялово-ин-алтай
306060,Залари
203570,Залив Русская Гавань
203930,Залив Фаддея
307410,Замогта
246780,Западаня
264870,Западная Двина
298360,Заринск
223080,Зашеек (Карелия)
222140,Зашеек (Мурманская обл.)
223050,Зашик
303170,Заярск
219830,Звездный
287560,Звериноголовское
297120,Здвинск
348940,Зеленга
237140,Зеленетс-ин-коми
278570,Земетчино
215410,Земля бюнге
347350,Зерноград
313000,Зея
350260,Зилаир
306690,Зилово
306030,Зима
224460,Зимнегорский маяк
347430,Зимовники
286300,Златоуст
330420,Злынка
360380,Змеиногорск
342710,Золотое
318290,Золотой мыс
254000,Зырянка
307650,Зюльзя
316380,Иванковци
319720,Ивановка
273470,Иваново
239210,Ивдель
232740,Игарка (верх.)
384010,Игарка (нижн.)
313289,Игнатйево
306860,Игнашино
236290,Игрим
235160,Иджид-паток
297660,Идринское
264590,Идриса
284110,Ижевск
235030,Ижма
237580,Ижма (аэропорт)
374730,Изберг
236090,Изваджил
276040,Износки
300280,Ика
305070,Икей
348680,ИкиБурул
351120,Илек
303120,Илимск
286730,Илинскойе-ин-тйюмен
252480,Илирней
344610,Иловля
307080,Илсир
321210,Ильинский
228890,Ильинско-Подомское
304730,Им уиннаотсати лет октабря
244770,Има
307030,Инга
306550,Ингур
222920,Индига
278720,Инза
278610,Инсар
224520,Инцы
310860,Иня-ин-кхабаров
317660,Иоли
235140,Ираель
295870,Ирбейское
283510,Ирбит
351320,Ириклински
307100,Иркутск
307910,Иркутск (аэропорт)
307190,Иркютск обсерваторй
315450,Ирюмка-ин-кхабаров
286880,Исилькуль
249510,Исит
349890,Искюсственнйдж остро
308130,Исток ангрй
275110,Истра
324110,Ича
301360,Ичера
285730,Ишим
252730,Июлтин-ин-чюкот
325480,Йелизова-ин-камчат
259550,Йемет
226570,Йемтса-ин-аркхангел
249750,Йнйкчан
274850,Йошкар-Ола
230210,Йюгорский шар
307290,Кабанск
320130,Каджган
239070,Кажим
343440,Казанская
275950,Казань
303370,Казачинское (Иркутская область)
293740,Казачинское (Красноярский край)
298760,Казыр
309780,Кайластуй
304690,Калакан
342470,Калач
286960,Калачинск
226380,Калгачиха
224080,Калевала
267020,Калининград
341640,Калининск
289390,Калининский
277030,Калуга
314190,Каменка
341390,Каменная степь
284490,Каменск-Уральский
345350,Каменск-Шахтинский
257440,Каменское
257450,Каменское
298220,Камень-на-Оби
348130,Камышеватская
285810,Камышенка
343630,Камышин
284510,Камышлов
279810,Канадедж
275870,Канаш
222170,Кандалакша
222490,Каневка
348250,Каневская
311020,Канку
222270,Канозеро (лаке)
256080,Канон-ин-магадан
295810,Канск
360730,Кантегир
254690,Канчалан
345710,Капюстин джар
340720,Карабулак
285260,Караиделски
304370,Карам
298140,Карасук
231210,Каратайка
371160,Каратчаевск
298740,Каратюзское
209780,Караул
305490,Карафтит
291220,Каргасок
228450,Каргополь
285350,Карлджханово
280330,Карпинск
226710,Карпогоры
289410,Карталы
308530,Карымская
206960,Касистый
306220,Касюг
284570,Катаджск
303790,Катугино
291030,Катыльга
295630,Кача
221490,Качаловка
273160,Кашин
276270,Кашира
223340,Кашкаранцы
255260,Кегали
235090,Кедва ривер
256210,Кедон
301020,Кежма
237740,Келлог
296420,Кемерово
296450,Кемерово
295620,Кемчуг
225220,Кемь
225200,Кемь (порт)
252410,Кепервеем
224560,Кепино
236990,Кербо
339830,Керчь
272120,Кесма
224030,Кестенга
320910,Кетон сакхалин ис
216360,Кигилях
281310,Кизел
289380,Кизилскодже
371630,Кизляр
306670,Кикер
325240,Кикхчик камчатка
249330,Килеер
260590,Кингисепп
322210,Кинкил камчатка
302300,Киренск
270210,Кириллов
260800,Кириши
271960,Киров
271990,Киров
222190,Кировск
318780,Кировский
280090,Кирс
279570,Кирсанов
246060,Кислокан
339390,Клепйнине
228230,Клименицы
291980,Климино-ин-красной
274170,Клин
269870,Клинцы
360210,Ключи (Алтайский край)
323890,Ключи (Камчатский край)
295830,Ключи (Красноярский край)
319741,Кневичи
223120,Ковда
222040,Ковдор
237480,Когалым
232203,Когалым (аэропорт)
295320,Кожевниково
323790,Козыревск
274790,Козьмодемьянск
239040,Койгородок
225830,Койнас
221120,Кола-ин-мюрман
296750,Колба
252860,Колджюсинскаджа бай
225290,Колежма
222320,Колмябр
271640,Кологрив
228330,Колодозеро
276250,Коломна
284980,Колосовка
292310,Колпашево
296310,Колывань
251210,Колымское (Якутия)
297420,Кольчугино
249280,Комака
297590,Коммунар
315610,Комсомольск-на-Амуре
349750,Комсомольский
320590,Конги
280660,Кондинское
299460,Кондома
227270,Кондопога
227490,Конево
229510,Коноша
315860,Константиновка
346440,Константиновск
251290,Константиновская
227840,Корежская
255030,Коркодон
238620,Корлики
270260,Коробово
321560,Корсаков
321580,Корсаков
259540,Корф
280130,Коса
280160,Косево
226950,Кослан
353941,Костанай
273330,Кострома
362490,Котасево
346550,Котельниково
272830,Котельнич
232070,Коткино
228870,Котлас
296390,Коурак
237450,Кочевье
304120,Коченга
296260,Коченево
297240,Кочки
370850,Кочубей
235850,Кочюндек
362590,Кош-Агач
319650,Кравцовка
296490,Крапивино
269760,Красная Гора
371070,Красная Поляна
342730,Краснйдж кют
283520,Красно-полянскойе
250550,Красноармеджски
228760,Красноборск
349290,Краснодар
349270,Краснодар (Круглик)
288010,Красное Поселенье
298130,Краснозерское
234650,Красноселькуп
277560,Краснослободск
284340,Красноуфимск
201860,Краснофлотскийе исл
360360,Краснощеково
222350,Краснощелье
295700,Красноярск
284935,Красноярск (Емельяново)
295740,Красноярск (старая)
350390,Красноярский
273690,Красные Баки
272150,Красный Холм
309350,Красный Чикой
318450,Красный Яр
321050,Крашогорск
247630,Крест-Хальджай
307250,Крестовая
262850,Крестцы
209730,Кресты
247370,Крестях
295240,Крещенка
339660,Крймска
325190,Кроноки
286370,Кропачево
349360,Кропоткин
295670,Крутоярский
306750,Ксеньевская
309640,Кубухай
309560,Кубухай (старая)
351260,Кувандык
227380,Куганаволок
281160,Кудымкар
298490,Кузедеево
279730,Кузнецк
237880,Кузьмовка
308140,Култук
248910,Кулу
313640,Кульчи
254340,Кулюка
272960,Кумены
281650,Куминский
283260,Кунгур
363250,Кунгуртуг
218340,Куогастах
297060,Купино
316320,Кур
298700,Курагино
286610,Курган
233750,Курейка
321740,Курильск
308580,Курорт-Дарасун
340090,Курск
286590,Куртамыш
305470,Курумкан
282330,Кусва
286240,Кушнаренково
347370,Кущёвская
257010,Кхатиннакх
360970,Кховю-акси
318690,Кхусин
360960,Кызыл
309490,Кыра
308060,Кырен
280360,Кытлым
294050,Кыштовка
227100,Кюдамгюба
283390,Кюзино-ин-свердлов
275740,Кюрмиш-ин-горкий
310670,Кюрюн-юрджаках
219210,Кюсюр
309250,Кяхта
256270,Лабазная
370260,Лабинск
254960,Лаврентиджа
349840,Лагань
228240,ЛадваЛадваВетка
276930,Лаисево
229830,Лальск
238170,Ларевка
238670,Ларьяк
232140,Лаято (лаке)
286620,Лебджаздже
297680,Лебяж е
315410,Леваджа космюн
235010,Левкинская
317100,Ленинское
249230,Ленск
303740,Леприндо
317880,Лермонтовка
207660,Лескино
270950,Летка
280640,Леуши
225730,Лешуконское
340130,Ливны
275280,ЛикиноДулево
348870,Лиман
280870,Лимкойевскийе
279300,Липецк
342310,Лиски
313620,Литке
316470,Литовко
238590,Лобчинскийе
221270,Ловозеро
229130,Лодейное Поле
312630,Локшак
221140,Лопарская
238080,Лопидино-ин-коми
227930,Лоптюга
292530,Лосиноборское
320850,Лосогорск сакхалин /найоши
223180,Лоухи
261680,Луга
276650,Лукоянов
273490,Лух
282340,Лысьва
260780,Любань
297010,Любимовка
270710,Любозино
237080,Люн 
261590,Ляды
225350,Лямца
242310,Маак
259130,Магадан
312950,Магдагачи
288380,Магнитогорск
232215,Магнитогорск (аэропорт)
259040,Мадаун
314430,Мазаново
370210,Майкоп
377351,Майкоп (аэропорт)
360520,Майма
292090,Майск
272590,Макарйев
321160,Макаров
206750,Макарова
292650,Маковское
272080,Максатиха
306380,Максимиха
302190,Максимово
286660,Макушино
261840,Малая Вишера
315830,Малиновка
318840,Малиново
242750,Малйй тустакх
316530,Малмюж юср
321660,Мало-кюрилскодже
294330,Малобрагино
276060,Малоярославец
346620,Малые Дербеты
207440,Малые Кармакулы
301570,Мама
302520,Мамакан
302550,Мамакан
309540,Мангут
228060,Мантсинсари айленд
347250,Маргаритовка
319960,Маргаритово
295510,Мариинск
315020,Мариинскодже
255510,Марково
248130,Маркхай
230320,Марресаля
322050,Марюмюкотан кюрил ис
297360,Маслянино
317980,Матай-ин-кхабаров
346250,Матвеев Курган
309690,Матсийевская
322070,Матуа
374720,Махачкала
377352,Махачкала (Уйташ)
300740,Мача
286470,Медведевскаджа
227210,Медвежьегорск
274010,Медное
298540,Междуреченск
224710,Мезень
308410,Мекюсокхон
289250,Мелеуз
318950,Мельничное
309380,Менза
285170,Мензелинск
242430,Менкере
236080,Месджю
324960,Милково-ин-камчат
344380,Миллерово
370540,Минеральные воды
295710,Минино
298660,Минусинск
247260,Мирный
228350,Миронова
233110,Мисван
279980,Михайло-Лебяжье
277290,Михайлов
279350,Мичуринск
308430,Могзон
315930,Могила Кхара
306730,Могоча
275090,Можайск
284090,Можга
371450,Моздок
285660,Мокроусово
293320,Молчаново
293820,Молчаново
208620,Монгаталянг
308020,Монды
222120,Мончегорск
274980,Морки
345450,Морозовск
278480,Моршанск
224810,Мосеево
320140,Москальво
276120,Москва
275185,Москва (Внуково)
370008,Москва (Домодедово)
238045,Москва (Остафьево)
275155,Москва (Шереметьево)
260500,Моссни айленд
275243,Моссоуэ/монино
292760,Мотыгино
296320,Мошково
362780,Мугур-Аксы
225510,Мудьюг
234260,Мужи
221130,Мурманск
286110,Муслюмово
248070,Муторай
308370,Мухоршибирь
278170,Мценск
259160,Мыс Алевина
324090,Мыс африка
230240,Мыс Белый
250620,Мыс Биллингса
209460,Мыс Болванский Нос
259190,Мыс Братьев
252820,Мыс Ванкарем
322170,Мыс Васильева
206490,Мыс Выходной
320120,Мыс Елизаветы
203530,Мыс Желания
339810,Мыс казантип (лх)
231460,Мыс Каменный
221650,Мыс Канин Нос
250770,Мыс кджангтокджнманк
231140,Мыс Константиновский
222690,Мыс Конушин
321490,Мыс Крильон
217390,Мыс Куртах
322130,Мыс Лопатка
209430,Мыс Меньшикова
222820,Мыс Микулкин
323330,Мыс Озёрный
207560,Мыс пайноте
200970,Мыс Песчаный
325890,Мыс Поворотный
253790,Мыс Раздельный
221400,Мыс Святой Нос (Мурманская обл.)
217330,Мыс Святой Нос (Якутия)
315790,Мыс сйюркюм
208710,Мыс Сопочная Карга
204760,Мыс Стерлигова
320990,Мыс Терпения
217480,Мыс Хапташинский
208560,Мыс Харасавэй
202920,Мыс Челюскин
221440,Мыс Чёрный
221450,Мыс Чёрный (старая)
216470,Мыс Шалаурова
325590,Мыс шипюнский
251730,Мыс Шмидта
311730,Мыс юкой
303640,Мюджа
362370,Мюлта
234110,Мюнтний материк
294070,Мюромсево
286120,Мюслджюмово
313770,Мюхино
340490,Мючкан
276070,Набережные Челны (Бегишево)
259140,Нагаджева бай
304930,Нагорный
280070,Нагорское
200340,Нагурское
317270,Надеждинское
234450,Надым
295610,Назарово
290680,Назимово
372180,Назрань
285880,Называевск
247130,Наканно
372120,Нальчик
247530,Намцы
290230,Напас
349760,Нарйн-хюдюк
276110,Наро-Фоминск
278530,Наровсат
232050,Нарьян-Мар
319700,Находка
325390,Начики
258210,Наяхан
231090,Ндсоваджа
283440,Невджанск
321450,Невельск
370360,Невинномысск
311520,Нелькан
297520,Ненастная
298580,Неожиданный
300370,Непа
245850,Нера (аэропорт)
316360,Неран
307680,Нерчинск
308600,Нерчинск
308790,Нерчинский завод
223750,Несь
238480,Нефтеюганск
221050,Ниванкюль
283620,Нижная традва
302170,Нижне-илимск
304330,Нижнеангарск
234710,Нижневартовск
239331,Нижневартовск (аэропорт)
284230,Нижнеиргинское
237410,Нижнесортымский
315620,Нижнетамбовское
296980,Нижнеудинск
360910,Нижнеусинское
274590,Нижний Новгород
275530,Нижний Новгород (Стригино)
282400,Нижний Тагил
309160,Нижний Торей
345550,Нижний Чир
373160,Нижний-зарамаг
223830,Нижняя Пеша
220040,Никель
313690,Николаевск-на-Амуре
308490,Николаевское (Забайкальский край)
261670,Николаевское (Ленинградская область)
272520,Николо-Полома
270660,Никольск
302630,Нисатка
321480,Ниши-ноторо саки сакхалин
339620,Нйжниохирск
229170,Новая Ладога
319760,Новая Москва (Приморский край)
319750,Ново кхатюнихи
319380,Ново сйсовенвка
340270,Ново-Касторное
308290,Ново-Селенгинск
339220,Ново-селовскойе
342540,Новоаннинский
293670,Новобирилюссы
278940,Новодевичье
319670,Новокийевскове
298460,Новокузнецк
298430,Новокузнецк (старая)
370060,Новороссийск
370000,Новороссийск (старая)
309420,Новосалия
350150,Новосергиевка
296340,Новосибирск
342890,Новоузенск
295900,Новочунка
292030,Новый Васюган
342130,Новый Оскол
232420,Новый Порт
274910,Новый Торъял
233580,Новый Уренгой
353944,Новый Уренгой (аэропорт)
320530,Ноглики
283190,Ножовка
273930,Нолинск
230770,Норилск
230780,Норильск
319811,Норильск (Алыкель)
313880,Норск
281550,Носова
236570,Ноябр ск
236440,Нумто
233450,Ныда
239120,Ныроб
229740,Нюксеница
246390,Нюрба
249340,Нюя-Южная
285330,Нязепетровск
237240,Няксимволь
223020,Ням (лаке)
228540,Няндома
317020,Облучье
341090,Обоянь
229960,Объячево
313110,Огорон
296380,Огурцово
287970,Одесское
228970,Озерки
325940,Озёрная
217490,Озеро Моготоево
205940,Озеро Таймыр
218260,Озеро Харгы
224130,Озеро Энгозеро
341990,Озинки
246880,Оймякон
350210,Октябрскойе
325640,Октябрьская
284290,Октябрьский
341630,Октябрьский городок
313730,Октябрьский прииск
237340,Октябрьское
287540,Октябрьское
262830,Окуловка
227810,Окуловская
233050,Окунев Нос
259120,Ола
259150,Ола
249440,Олекминск
241250,Оленек
299740,Оленья речка
309610,Оловянная
229120,Олонец
274190,Омитров
254280,Омолон
286980,Омск
257150,Омсукчан
362310,Онгудай
226410,Онега
304300,Онокочам
320770,Онор
270830,Опарино
264560,Опочка
297260,Ордынское
279060,Орёл
351210,Оренбург
299980,Орлик
299990,Орлик (старая)
303280,Орлинга
378650,Орск
351380,Орск (верх.)
283240,Оса
229080,Осиновец
261610,Осмино
322460,Оссора
263890,Осташков
263550,Остров
250420,Остров Айон
213010,Остров Андрея
319780,Остров асколд
206670,Остров Белый
326180,Остров Беринга (Никольское)
306320,Остров Большой Ушканий
209400,Остров Вайгач
200690,Остров Визе
200260,Остров Виктория
206650,Остров Вилькицкого
219820,Остров Врангеля
213530,Остров Генриетты
206470,Остров Голец
206740,Остров Диксон
224380,Остров Жижгинский
213580,Остров Жохова
202770,Остров Исаченко
326110,Остров карагинский
220950,Остров Колгуев
214320,Остров Котельный
217210,Остров Кубалах-Арыта
201990,Остров Малый Таймыр
228090,Остров мантси-сари
223610,Остров Моржовец
218250,Остров Мостах
215430,Остров новая сибир
203880,Остров Правды
215040,Остров Преображения
254930,Остров Ратманова
204810,Остров Рыкачёва
231040,Остров Сенгейский
203860,Остров тйртова
204710,Остров Тройной
202740,Остров Уединения
200660,Остров Ушакова
221330,Остров Харлов
200460,Остров Хейса
219650,Остров Четырёхстолбовой
202940,Острова Гейберга
251380,Островное
320100,Оха
353943,Оха
283210,Оханск
271080,Охоны
310880,Охотск
248710,Охотский Перевоз
247300,Оюсут
278230,Павелец
275230,Павлов-Посад
279870,Павловка
275550,Павлово
287980,Павлоградка
314330,Пад
226190,Паданы
221060,Падун
315280,Пайкан-ин-амюр
228140,Палалахта
322270,Палана
259070,Палатка-ин-магадан
343730,Палласовка
292410,Палока
285610,Памятная
234430,Пангоды
224180,Панозеро
291280,Парабель
309400,Парм
319870,Партизанск
278580,Пачелма
250510,Певек
255520,Певек
236040,Пегишдор
296220,Пенек
279620,Пенза
293480,Первомайское
319460,Перевалная
238830,Перевалочная
220090,Переваляюр
350070,Перелюб
282240,Пермь
282250,Пермь (Индустриальный)
258160,Пёстрая Дресва
340630,Петровск
308380,Петровский Завод
228200,Петрозаводск
309240,Петропавловка
325400,Петропавловск-Камчатский
325830,Петропавловск-Камчатский (южн.)
325860,Петропавловский маяк
233240,Петрунь
286740,Петюхово
220060,Печенга
234180,Печора
224160,Пилдозеро
320690,Пильво
225630,Пинега
238200,Пионерски
293630,Пировское
234310,Питляр
295340,Пихтовка
320210,Пйрки сакхалин
319530,Пластун
320270,Погиби
320760,Пограничное
319150,Пограничный
229880,Подосиновец
245890,Покрйшкина
306880,Покровка
239190,Покровск-Уральский
248560,Покровская
203890,Полар статион
205780,Полар статион/
239150,Полджюдов камен
306570,Поливтсево
237890,Полигус
307110,Половина
287520,Половиннодже
286680,Половинное
287860,Полтавка (Омская обл.)
319170,Полтавка (Приморский край)
233380,Полуй
233390,Полуй
207640,Полюдстров ямал
220190,Полярное
218241,Полярный (Якутия вост.)
243220,Полярный (Якутия)
237090,Помоздино
340030,Поныри
276750,Порецкое
320980,Поронайск
297350,Посевная
314160,Посёлок им. Полины Осипенко
319690,Посьет
231740,Потапово
277620,Починки-арзамасскийе
267840,Починок
272230,Пошехон е
339450,Поштове
315870,Поярково
326230,Пре-ображенскойе
244880,Предпорожный
319890,Преображение
249180,Преображенка
309750,Приаргунск
239130,Приисковая
348240,Приморско-Ахтарск
228070,Приозерск
347480,Пролетарская
215350,Пролив Санникова
371440,Прохладная
311120,Прюск тйрканда
228160,Пряжа
262580,Псков
264780,Псков (аэропорт)
322850,Птичий айленд
340980,Пугачев
293130,Пудино
228310,Пудож
221190,Пулозеро
274550,Пурех
263590,Пушкинские Горы
301390,Пущина
324970,Пущино
319990,Пфюсюнг
263500,Пыталово
223490,Пялица
370500,Пятигорск
233310,Ра-Из
279720,Радищево
232202,Радужный
287100,Раевский
225250,Разнаволок
280380,Растесс
250440,Раучуа
226020,Реболы
299230,Ребриха
284300,Ревда
219550,Река Алазея
297940,Река Бирюса
306510,Река Большой Амалат
305670,Река Бугарикта
250560,река Ветка
221260,Река Воронья
325930,Река Голыгина
312350,Река Джана
234160,Река Косью
313610,Река мюкхтел
240520,Река Саханджа
313380,Река Селемджа
310830,Река Хейджан
308180,Река Шэбэтуй
235190,Река Щугор
347590,Ремонтное
264980,Ржев
275195,Рйзан/дягилево
360200,Родино
306500,Романовка
268820,Рославль
228960,Россино
343310,Россош
273290,Ростов
347300,Ростов-на-Дону
347310,Ростов-на-Дону (аэропорт)
340560,Ртищево
360340,Рубцовск
225180,Ругозеро
319590,Рудная Пристань
342620,Рудня
288950,Русская Поляна
202890,Русский
218490,Русское Устье
272250,Рыбинск
292330,Рыбинский
320040,Рыбновск
278350,Ряжск
277300,Рязань
277310,Рязань (старая)
284040,Савалс
274120,Савелово
360870,Садан
232201,Салехард
233300,Салехард
239470,Салым
289000,Самара
288070,Самара (Смышляевка)
309110,Санага
246520,Сангары
233320,Сангомной
249460,Сани-якхтат
260630,Санкт-Петербург
239250,Сантал
274800,Санчурск
306050,Сарам
235270,Саранпауль
277600,Саранск
284180,Сарапул
341720,Саратов
341710,Саратова
285980,Саргатское
306200,Сарма
236280,Сартиня
361040,Сарыг-Сеп
218020,Саскылах
277450,Сасово
251500,Саюнскаджа бай
284440,Свердловскй/колтсов
233760,Светлогорск
349540,Светлоград
296640,Светлолобово
301650,Светлый (Иркутская обл.)
221000,Светлый (Мурманская обл.)
229150,Свириса
319310,Свиягино
314450,Свободный
244620,Себян-кйюел 
339940,Севастополь
282120,Севернй коммюнар
294180,Северное
239860,Северо-Енисейский
322150,Северо-Курильск
225460,Северодвинск
239270,Североюралск
313250,Севли
226210,Сегежа
246610,Сеген-Кюель
315660,Сегзема
294010,Седельниково
308560,Седловаджа
257030,Сеймчан
315340,Сектагли
298370,Селаболиха
313940,Селемдзинское
274620,Семенов
325090,Семячик
278900,Сенгиледж
343570,Серафимович
275770,Сергач
315110,Сергеджевка
374750,Сергокала
278150,Серн
280440,Серов
276180,Серпухов
209670,Сеяха
282130,Сива
233220,Сиво-макински
233650,Сидоровск
315730,Сизиман
240510,Сиктях
321950,Симушир
339460,Симферополь
248580,Синскойе
360320,Сипюново
315770,Сихотэ
284480,Сйсерт
246290,Сйюлдйюкар
245610,Сйюрйюн-кйюйел
306920,Сковородино
299150,Славгород
349240,Славянск-на-Кубани
285870,Сладков
256480,Слаютное
228830,Слободичиково
308120,Слюдянка (Иркутская область)
223330,Слюдянка (Мурманская область)
317250,Смидович
267810,Смоленск
260635,Смолная
231790,Снежногорск
324770,Соболево
306760,Соболино
242570,Собопол
227120,Совддверо
266140,Советск
273910,Советск
317700,Советская Гавань
238290,Советски
339600,Советский
245570,Сого-хая
316770,Солекуль
271430,Солигалич
280260,Соликамск
305370,Солнечная
224290,Соловки
309670,Соловьёвск
360450,Солонешное
295800,Солянка
314370,Сомнительный Прииск
325110,Сопка крашенинникова
295750,Сорокино
350110,Сорочинск
228020,Сортавала
223550,Сосновец
325470,Сосновка
228910,Сосново (вост.)
229060,Сосново (зап.)
307450,Сосново-Озерское
237370,Сосновый мыс
318660,Сосуново
281430,Сосьва (Свердловская обл.)
236250,Сосьва (ХМАО)
314780,Софийск
371710,Сочи
370990,Сочи
267950,Спас-Деменск
319260,Спасск далний
310960,Спафар ева (остров)
304980,Среднаяя нйюкжа
281350,Среднджаджа юс ва
257050,Среднекан
252060,Среднеколымск
291110,Средний Васюган
304710,Средний Калар
314750,Средняя иппата
304840,Средняя Олекма
307770,Сретенск
260636,Ст. петерсбюрг
349490,Ставрополь
217120,Станнакх-кхочо
321360,Стар одюбское
311870,Старая нйюкхза
262750,Старая Русса
264990,Старица (Тверская область)
292240,Старица (Томская область)
286220,Старонадездино
277820,Старые Алгаши
341160,Старый Оскол
291490,Степановка
339210,Стерегущее
288270,Стерлибасево
288250,Стерлитамак
313920,Стойба
248940,Стоковое
215370,Столбовой айленд
229140,Сторожно
292740,Стрелка
248020,Стрелка Чуня
258020,Стрелка-ин-магадан
262640,Струги Красные
339690,Судак
318150,Сукпай
374610,Сулак
247380,Сунтар
301980,СуонТит
227170,Суоярви
239230,Супра
226760,Сура
238490,Сургут
277760,Сурское
247900,Сусуман
315380,Сутур
241360,Сухана
315040,Сухановка
307260,Сухая
234750,Сухая Тунгуска
277070,Сухиничи
294770,Сухобузимское
264620,Сущёво
284370,Сызги
279830,Сызрань
238040,Сыктывкар
239750,Сым
238470,Сытомино
265950,Сычёвка
309470,Сюмиловка
218530,Табор
281580,Таборы
282640,Тавда
286330,Таганай-Гора
347200,Таганрог
217150,Таджмйрлйр
209640,Тадибяяха
232560,Тазовское
295410,Тайга
259320,Тайгонос
280980,Тайлаковй
308750,Тайна
295940,Тайшет
303560,Таксимо
318680,Такхобе
304380,Талая (Бурятия)
258080,Талая (Магаданская обл.)
306930,ТАЛДАН
310920,Талон
298320,Тальменка
349170,Таман (бай)
208640,Тамбей
279470,Тамбов
304050,Тангуй
308240,Танхой
255610,Танюрер
284930,Тара
206790,Тарея (стрим)
235520,Тарко-Сале
293790,Тасеево
293760,Тасеево (старая)
305420,Тасса
296050,Татарск
280970,Таурова
285460,Тахталым
299560,Таштып
274020,Тверь
274015,Тверь (аэропорт)
298550,Теба 
371930,Теберда
322220,Теви
283830,Тевриз
293540,Тегюлдет
249670,Тегюльтя
307510,Телемба
360780,Тели
234990,Тембенчи
277520,Темников
214350,Темпа бай
349150,Темрюк
351020,Тепловка
247710,Тёплый Ключ
228300,Теребовская
370790,ТереклиМектеб
319660,Тереховка
220280,Териберка
319090,Терней
216110,Терпяй-Тумса
222590,Терско-Орловский Маяк
276970,Тетюши
317540,Тивяку
305990,Тиган-юркан
322930,Тигил-ин-камчат
218240,Тикси
304610,Тилисма
349220,Тимашевская
319610,Тимирязевский
287300,Тирджански
305260,Тирка
295570,Тисуль
260940,Тихвин
348380,Тихорецк
282750,Тобольск
231050,Тобседа
298480,Тогул
296360,Тогучин
321680,Токкари-исо кюаил ис
301270,Токма
311370,Токо
236620,Толька
310050,Томмот
304390,Томпа
246710,Томпо
294300,Томск
240650,Томтор
321520,Томюнаи сакналин
248430,Тонгулах
361030,Тоора-Хем
259640,Топата-олйюторская
277580,Торбеево
312880,Тором
264790,Торопец
270510,Тотьма
287480,Троицк
305550,Троицкий прииск
237110,Троицко-Печорское
316550,Троицкое
269970,Трубчевск
305500,Тсификан
370180,Туапсе
283590,Тугулым
313460,Тугур
287120,Туймазы
288230,Тукан
277190,Тула
238150,Тулпан
305040,Тулун
316830,Тумнин
306640,Тунгокочен
308110,Тунка
305760,Тупик
245070,Тура
360920,Туран
319130,Турий Рог
282550,Туринск
360610,Турочак
234720,Туруханск
226480,Турчасово
293550,Тутало-Чулым река
235890,Тутончаны
312990,Тыгда
320710,Тымовское
304990,Тында
285860,Тюкалинск
283670,Тюмень
232204,Тюмень (Рощино)
218130,Тюмяти
305790,Тюнгир мине
247250,Тюодж-хая
308510,Тюргютюй-ин-чита
294560,Тюхтет
295520,Тяжин
301730,Тяня
304550,Уакит
296130,Убинское
281720,Уват
320880,Углегорск
273210,Углич
360280,Угловское
239460,Угут
312850,Удское
249820,Уега
296530,Ужур
283090,УзейТукля
278210,Узловая
298640,Уйбат
308230,Улан-Удэ
308460,Улеты
286290,Улу-Теляк
310870,Улья
277860,Ульяновск
277850,Ульяновск (Баратаевка)
279621,Ульяновск (Восточный)
223240,Умба
311990,Унаха
283020,Уни
234230,Унсельгорт
225410,Унский
220180,Ура-Губа
234530,Уренгой
283070,Уржум
316240,Урми
321860,Уруп
307810,Урюпино
342400,Урюпинск
232210,Усинск
310070,Усмун
307120,Усолье-Сибирское
306350,Усть-Баргузин
322520,Усть-Воямполка
306490,Усть-Заза
301170,Усть-Илимск
283820,Усть-Ишим
299550,Усть-Кабырза
239920,Усть-Камо
324080,Усть-Камчатск
362130,Усть-Кан
230290,Усть-Кара
305650,Усть-Каренга
307720,Усть-Карск
362290,Усть-Кокса
219370,Усть-Куйга
238030,Усть-Кулом
303200,Усть-Кут
249660,Усть-Мая
310410,Усть-Миль
243820,Усть-Мома
303850,Усть-Нюкжа
217110,Усть-Оленёк
253250,Усть-Олой
307130,Усть-Ордынский
230660,Усть-Порт
305140,Усть-Уда
314740,Усть-Умальта
238130,Усть-Унья
234120,Усть-Уса
360830,Усть-Уса
322870,Усть-Хайрюзово
234050,Усть-Цильма
243710,Усть-Чаркы
235180,Усть-Щугор
310540,Усть-Юдома
303230,УстьКут
248980,УстьОмчуг
271060,Устюжна
307640,Усугли
348710,Утта
287220,Уфа
232205,Ухта
236060,Ухта
236910,Учами
310260,Учур
314410,Ушаково
253990,Уэлен
295760,Уяр
313970,Февральск
339760,Феодосия
288360,Фершампенуаз
343560,Фролово
319930,Фюрманово-ин-примор
245250,Хабардино
317350,Хабаровск
298160,Хабары
298920,Хадама
219230,Хайыр
236560,Халесовая
247180,Хамакар
308150,Хамар-Дабан
239330,Ханты-Мансийск
346870,Харабали
308450,Харагюн
235580,Харампур
309680,Харанор
372480,Хасавъюрт
208910,Хатанга
384020,Хатанга
257670,Хатырка
246430,Хатырык-Хомо
340830,Хвалынск
261960,Хвойная
235410,Хеджгиджаха ривер
308440,Хилок
360900,Хову-Аксы
231030,Ходовариха
325960,Ходутка
263780,Холм
226510,Холмогорская
225590,Холмогоры
321280,Холмск
317910,Хор
232150,Хорей-Вер
307390,Хоринск
319240,Хороль
232190,Хоседа-Хард
306370,Хужир
314840,Хуларин
233680,Хюнгюй
309150,Цакир
347470,Целина
296540,Центральный Рудник
346460,Цимлянск
220120,Цыпнаволок
223390,Чаваньга
284260,Чад
247390,Чаингда
255950,Чайбуха
320360,Чайво
296020,Чаны
303720,Чара
229440,Чарозеро
251510,Чаун
275810,Чебоксары
279622,Чебоксары
314690,Чегдомын
315320,Чекунда
321240,Чекхов сакхалин /нода
287050,Челно-Вершины
286450,Челябинск
286420,Челябинск (Баландино)
360580,Чемал
300140,Чемдальск
259410,Чемурнаут
293930,Червянка
239140,Чердынь
307300,Черёмушка
309440,Черемхово (Забайкальский край)
306170,Черемхово (Иркутская область)
271130,Череповец
317490,Черинай
370470,Черкесск
287990,Черлак
281280,Чермоз
339240,Черноморское
284280,Чернушка
345780,Черный Яр
307660,Чернышевск
247240,Чернышевский
313710,Черняево
267110,Черняховск
251230,Черский
344320,Чертково
301380,Чечуйск
293560,Чиндат-ин-красной
290750,Чиримба-ин-красной
297020,Чистоозёрное
286010,Чистополь
307580,Чита
219460,Чокурдах
353947,Чокурдах (аэропорт)
319390,Чугуевка
287040,Чулпаново
296250,Чулым
303930,Чульман
312860,Чумикан
245380,Чумпурук
247680,Чурапча
270440,Чучково
311230,Чюльбю
272810,Шабалино
285520,Шадринск
239290,Шаим
250530,Шалаюрова айленд
295780,Шалинское
283340,Шамары
228690,Шангалы
295590,Шарйпов
289160,Шарлык
272710,Шарья
284560,Шатрово
346350,Шахты
273730,Шахунья
243290,Шелагонцы
259220,Шелихово
308740,Шелопугино
308630,Шелопугино (старая)
227680,Шенкурск
287910,Шербакуль
371260,Шиджатмаз
235310,Шижимгорт
308620,Шилка
277360,Шилово
314420,Шимановская
297560,Шира
294980,Шиткино
260720,Шлиссельбург
222710,Шойна
260920,Шугозеро
295660,Шумиха (Красноярск.край)
286550,Шумиха (Курганская обл.)
227250,Шунга
319950,Щербаковка
297710,Щетинкино
247660,Ытык-Кюель
258200,Эвенск
253780,Эгвекинот
307670,Эдакуй
313290,Экимчан
348610,Элиста
344760,Эльтон
222050,Эна
309410,Энгорок
253920,Энурмино
253560,Эньмувеем
363070,Эрзин
323630,Эссо
219310,Юбилейная
310620,Югаренок
310160,Югино
245440,Югюлят
314230,Юдинскодже
218350,Юедей
321650,Южно-Курильск
321500,Южно-Сахалинск
370750,Южно-Сухокумск
297220,Юзаниха
236350,Юильск
323310,Юка-ин-камчат
348960,Юкатний айленд
318560,Юлюнга-ин-примор
318590,Юннамед моюнтаин
217010,Юрйюнг-кхая
245880,Юрты
273550,Юрьевец
305970,Юрюса
287360,Юсалй
310970,Юски
318750,Юссюри
254560,Юст белая
303210,Юст кют
320930,Юст мелкая сакхалин /еннаи
248990,Юст омчюк
219320,Юст яхск
310930,Юст-арман
349370,Юст-лабинск
239050,Юст-сернаджа
287550,Юст-юйскойе
362460,Юст-юлаган
304970,Юст-юркима
347720,Юста
225110,Юшкозеро
247960,Ягодное
360640,Яйлю
319350,Яковлевка
249590,Якутск
218230,Якутск (аэропорт)
238120,Якша
339900,Ялта
284650,Ялуторовск
233330,Ямбура
249950,Яна
284190,Янаул
221010,Янискоски
240710,Янки
234630,Янов Стан
241660,Янск
233410,Яр-Сале
255680,Яранги
227980,Яренск
283660,Ярково
242190,Ярольин
239870,Ярцево
270200,Яршево
304130,Ясачная Хайрюзовка
348660,Яшкуль
295420,Яя
